,Unnamed: 0,height_feet,position,team_name,full_name,season,GP,MIN,PTS,FGM,FGA,FG%,3PM,3PA,3P%,FTM,FTA,FT%,OREB,DREB,REB,AST,TOV,STL,BLK,PF,FP,DD2,TD3,+/-
0,2,7.0,C,Oklahoma City Thunder,Steven Adams,2019-20,55.0,27.0,11.0,4.6,7.8,58.9,0.0,0.1,33.3,1.9,3.1,60.0,3.5,6.0,9.4,2.5,1.5,0.8,1.1,2.0,30.3,20.0,0.0,2.3
1,3,6.0,C-F,Miami Heat,Bam Adebayo,2019-20,61.0,34.4,16.2,6.2,11.0,56.5,0.0,0.2,7.7,3.7,5.3,69.0,2.5,8.0,10.5,5.1,2.8,1.2,1.3,2.5,41.2,37.0,3.0,3.5
2,4,6.0,F,San Antonio Spurs,LaMarcus Aldridge,2019-20,52.0,33.0,18.8,7.3,14.8,49.5,1.2,2.9,39.2,3.0,3.6,82.9,2.0,5.5,7.5,2.4,1.4,0.6,1.6,2.4,36.7,14.0,0.0,-2.6
3,6,6.0,G,Memphis Grizzlies,Grayson Allen,2019-20,30.0,16.6,7.4,2.6,5.9,44.9,1.1,3.0,36.3,1.0,1.2,85.7,0.2,2.0,2.2,1.4,0.8,0.2,0.0,1.2,12.1,0.0,0.0,-2.4
4,7,6.0,C,Brooklyn Nets,Jarrett Allen,2019-20,60.0,26.0,10.8,4.2,6.6,64.5,0.0,0.1,0.0,2.4,3.8,62.7,3.1,6.5,9.6,1.4,1.1,0.6,1.4,2.3,29.2,26.0,0.0,0.8
5,8,6.0,F,Orlando Magic,Al-Farouq Aminu,2019-20,18.0,21.1,4.3,1.4,4.8,29.1,0.5,2.0,25.0,1.1,1.6,65.5,1.3,3.5,4.8,1.2,0.9,1.0,0.4,1.5,15.3,1.0,0.0,-1.9
6,9,6.0,G-F,Brooklyn Nets,Justin Anderson,2019-20,3.0,5.6,1.0,0.3,2.0,16.7,0.0,1.0,0.0,0.3,0.7,50.0,0.0,0.7,0.7,0.0,0.0,0.0,0.3,0.7,2.8,0.0,0.0,-2.7
7,10,6.0,F,Memphis Grizzlies,Kyle Anderson,2019-20,55.0,18.9,5.5,2.3,4.7,48.8,0.2,0.9,21.2,0.7,1.1,65.0,0.9,3.4,4.3,2.2,0.9,0.8,0.5,1.5,17.0,0.0,0.0,-1.9
8,11,6.0,F,Houston Rockets,Ryan Anderson,2019-20,2.0,7.0,2.5,1.0,3.5,28.6,0.5,2.5,20.0,0.0,0.0,0.0,0.0,3.5,3.5,1.0,0.5,0.5,0.0,0.5,9.2,0.0,0.0,3.5
9,12,6.0,F,Milwaukee Bucks,Giannis Antetokounmpo,2019-20,55.0,30.9,29.6,11.0,19.9,55.1,1.5,4.7,31.1,6.2,10.0,62.5,2.3,11.5,13.8,5.8,3.7,1.0,1.1,3.0,57.4,50.0,4.0,11.5
10,13,6.0,F,Los Angeles Lakers,Kostas Antetokounmpo,2019-20,3.0,1.7,0.0,0.0,0.0,0.0,0.0,0.0,0.0,0.0,0.0,0.0,0.0,0.3,0.3,0.3,0.0,0.0,0.0,0.0,0.9,0.0,0.0,-0.7
11,14,6.0,F,Toronto Raptors,OG Anunoby,2019-20,60.0,29.8,10.7,4.3,8.5,50.3,1.3,3.4,37.1,0.9,1.3,70.0,1.2,4.3,5.5,1.6,1.2,1.4,0.7,2.5,24.8,5.0,0.0,3.4
12,15,6.0,G,Chicago Bulls,Ryan Arcidiacono,2019-20,57.0,15.9,4.4,1.5,3.8,40.7,0.9,2.4,38.1,0.5,0.7,71.1,0.4,1.5,1.9,1.6,0.6,0.4,0.1,1.6,10.0,0.0,0.0,-1.4
13,16,6.0,F,Portland Trail Blazers,Trevor Ariza,2019-20,49.0,27.7,7.4,2.6,6.0,43.2,1.3,3.8,35.7,0.9,1.1,83.6,0.6,4.0,4.6,1.7,1.0,1.3,0.2,2.1,19.1,0.0,0.0,-0.8
14,17,6.0,G,Orlando Magic,D.J. Augustin,2019-20,45.0,24.9,10.1,3.1,8.1,38.5,1.2,3.5,33.3,2.7,3.0,88.2,0.4,1.9,2.2,4.6,1.4,0.6,0.0,1.1,20.3,0.0,0.0,1.5
15,18,7.0,C,Phoenix Suns,Deandre Ayton,2019-20,30.0,33.2,19.0,8.5,15.5,54.8,0.0,0.1,0.0,2.0,2.6,76.9,4.1,7.9,12.0,1.9,2.4,0.7,1.7,3.2,41.2,20.0,0.0,1.2
16,19,6.0,G-F,Charlotte Hornets,Dwayne Bacon,2019-20,39.0,17.6,5.7,2.2,6.3,34.8,0.5,1.7,28.4,0.9,1.4,66.0,0.4,2.2,2.6,1.3,0.9,0.6,0.1,1.3,11.8,0.0,0.0,-3.4
17,22,6.0,G,New Orleans Pelicans,Lonzo Ball,2019-20,53.0,32.2,12.0,4.5,11.0,40.6,2.4,6.4,37.1,0.7,1.2,57.8,1.1,5.0,6.1,7.0,3.0,1.4,0.5,1.9,32.6,11.0,3.0,0.1
18,23,7.0,C,Orlando Magic,Mo Bamba,2019-20,56.0,14.8,5.7,2.3,4.8,47.7,0.6,1.7,36.1,0.5,0.8,69.8,1.6,3.4,5.1,0.7,0.8,0.4,1.5,2.0,17.6,2.0,0.0,0.7
19,24,6.0,G,Dallas Mavericks,J.J. Barea,2019-20,23.0,15.4,8.2,3.1,7.3,42.6,1.2,3.0,40.6,0.7,0.8,94.4,0.4,1.5,2.0,4.0,1.5,0.2,0.1,0.9,15.8,0.0,0.0,1.7
20,25,6.0,F,Sacramento Kings,Harrison Barnes,2019-20,61.0,34.8,14.7,5.1,11.1,45.9,1.4,3.8,37.0,3.1,3.9,80.5,0.9,3.9,4.8,2.3,1.3,0.6,0.1,1.3,24.9,3.0,0.0,-0.9
21,26,6.0,G,Denver Nuggets,Will Barton,2019-20,54.0,32.9,14.8,5.6,12.6,44.4,1.8,4.7,37.6,1.8,2.4,76.6,1.4,4.9,6.3,3.7,1.5,1.0,0.5,2.1,30.9,7.0,0.0,4.1
22,27,6.0,F,Denver Nuggets,Keita Bates-Diop,2019-20,39.0,17.1,6.6,2.3,5.3,42.8,0.8,2.4,33.0,1.3,1.8,71.0,0.5,2.3,2.9,0.8,0.4,0.4,0.5,1.0,13.8,0.0,0.0,-4.1
23,28,6.0,F-G,Charlotte Hornets,Nicolas Batum,2019-20,22.0,23.0,3.6,1.3,3.7,34.6,0.6,2.2,28.6,0.4,0.5,90.0,1.1,3.4,4.5,3.0,1.0,0.8,0.4,1.9,16.0,0.0,0.0,-2.2
24,30,6.0,C-F,Phoenix Suns,Aron Baynes,2019-20,39.0,21.3,10.6,4.1,8.4,48.8,1.2,3.5,33.1,1.2,1.7,72.7,1.6,3.8,5.4,1.6,1.1,0.2,0.5,3.4,20.6,2.0,0.0,-1.6
25,31,6.0,G,Sacramento Kings,Kent Bazemore,2019-20,61.0,24.9,8.5,2.8,7.7,36.5,1.2,3.6,33.8,1.7,2.2,76.5,0.4,3.8,4.2,1.3,1.3,1.1,0.6,2.8,19.3,0.0,0.0,0.2
26,32,6.0,G,Washington Wizards,Bradley Beal,2019-20,53.0,35.9,30.5,10.4,22.7,45.8,2.8,8.3,34.2,6.8,8.2,84.0,0.9,3.3,4.3,6.1,3.4,1.2,0.4,2.3,46.2,8.0,0.0,-3.4
27,33,6.0,G,Minnesota Timberwolves,Malik Beasley,2019-20,51.0,21.2,10.5,3.8,9.2,41.7,1.9,4.9,38.6,1.0,1.2,83.1,0.3,2.2,2.5,1.4,1.0,0.7,0.2,1.5,17.4,1.0,0.0,0.1
28,35,6.0,G-F,San Antonio Spurs,Marco Belinelli,2019-20,51.0,14.9,5.6,2.0,5.2,38.0,1.0,2.9,35.6,0.6,0.8,78.0,0.1,1.6,1.7,1.2,0.3,0.2,0.0,0.8,9.8,0.0,0.0,0.4
29,36,6.0,F,Memphis Grizzlies,Jordan Bell,2019-20,29.0,8.8,3.2,1.2,2.3,52.2,0.1,0.4,33.3,0.7,1.1,61.3,1.0,1.8,2.8,0.6,0.7,0.1,0.3,0.7,8.0,0.0,0.0,-0.3
30,37,6.0,F,Atlanta Hawks,DeAndre' Bembry,2019-20,43.0,21.3,5.8,2.4,5.3,45.6,0.3,1.5,23.1,0.6,1.1,54.2,0.8,2.7,3.5,1.9,1.4,1.3,0.4,2.0,16.6,2.0,0.0,-6.0
31,38,7.0,F,Golden State Warriors,Dragan Bender,2019-20,13.0,17.8,5.5,2.2,5.4,40.0,0.8,2.5,33.3,0.3,0.5,57.1,1.0,3.5,4.5,1.5,1.3,0.3,0.7,2.6,14.8,0.0,0.0,1.8
32,39,6.0,F,Washington Wizards,Davis Bertans,2019-20,50.0,29.4,15.2,4.9,11.2,43.5,3.6,8.5,42.6,1.8,2.1,86.8,0.7,4.0,4.7,1.7,1.1,0.7,0.6,2.5,26.4,1.0,0.0,0.0
33,40,6.0,G,LA Clippers,Patrick Beverley,2019-20,45.0,27.3,8.0,2.9,6.9,42.6,1.6,4.2,36.6,0.5,0.8,63.2,1.2,4.3,5.5,3.9,1.3,1.1,0.6,3.2,24.1,4.0,0.0,5.0
34,41,6.0,C,Orlando Magic,Khem Birch,2019-20,39.0,19.9,3.9,1.4,2.9,49.1,0.0,0.0,0.0,1.1,1.7,61.2,1.8,2.8,4.6,0.9,0.6,0.4,0.5,1.9,13.1,0.0,0.0,-2.4
35,42,6.0,C,Charlotte Hornets,Bismack Biyombo,2019-20,51.0,19.3,7.5,2.9,5.3,53.9,0.0,0.0,0.0,1.7,2.9,60.1,2.3,3.5,5.9,0.9,0.9,0.2,0.9,2.2,18.4,8.0,0.0,-3.0
36,43,6.0,F,Sacramento Kings,Nemanja Bjelica,2019-20,61.0,28.5,11.9,4.5,9.5,47.7,2.0,4.6,43.5,0.9,1.1,80.9,1.7,4.8,6.5,2.8,1.4,0.9,0.5,3.1,26.7,7.0,0.0,-0.5
37,45,6.0,G,Milwaukee Bucks,Eric Bledsoe,2019-20,53.0,27.0,15.3,5.6,11.7,47.8,1.3,3.6,35.1,2.8,3.4,82.8,0.8,3.9,4.7,5.4,2.5,0.9,0.5,2.1,30.7,2.0,0.0,8.6
38,47,6.0,G,Sacramento Kings,Bogdan Bogdanovic,2019-20,50.0,28.3,14.4,5.2,12.1,42.6,2.6,7.2,35.7,1.5,2.0,72.5,0.3,2.8,3.1,3.1,1.7,1.0,0.2,2.1,24.8,2.0,0.0,-1.0
39,48,6.0,F,Utah Jazz,Bojan Bogdanovic,2019-20,59.0,33.3,20.5,6.7,15.0,44.6,3.1,7.4,41.7,4.0,4.4,90.1,0.6,3.5,4.2,2.1,2.5,0.6,0.1,1.8,28.1,0.0,0.0,4.8
40,49,6.0,F,Phoenix Suns,Jonah Bolden,2019-20,7.0,6.7,1.4,0.6,1.6,36.4,0.0,0.6,0.0,0.3,0.6,50.0,0.4,0.9,1.3,0.0,0.3,0.4,0.3,1.4,4.8,0.0,0.0,0.1
41,50,6.0,G,Washington Wizards,Isaac Bonga,2019-20,55.0,17.6,4.5,1.6,3.2,51.4,0.4,1.0,39.6,0.9,1.1,80.0,1.1,2.2,3.3,1.1,0.7,0.6,0.4,2.4,12.3,0.0,0.0,0.3
42,51,6.0,G,Phoenix Suns,Devin Booker,2019-20,59.0,36.1,25.9,8.7,17.9,48.7,2.0,5.6,35.7,6.5,7.1,91.7,0.4,3.7,4.1,6.4,3.9,0.7,0.2,3.0,39.5,9.0,0.0,0.8
43,52,6.0,F,Toronto Raptors,Chris Boucher,2019-20,53.0,13.4,6.5,2.2,4.8,46.1,0.5,1.8,29.2,1.5,1.9,79.6,1.8,2.8,4.5,0.4,0.4,0.4,1.0,1.9,16.2,4.0,0.0,1.7
44,53,6.0,G,Los Angeles Lakers,Avery Bradley,2019-20,46.0,23.7,8.4,3.4,7.6,44.9,1.2,3.3,36.7,0.4,0.5,81.8,0.4,1.9,2.3,1.3,0.9,0.9,0.1,2.2,15.1,0.0,0.0,3.1
45,54,6.0,C,Utah Jazz,Tony Bradley,2019-20,46.0,10.4,4.5,2.0,3.0,65.2,0.0,0.0,100,0.5,0.8,65.8,1.8,2.5,4.2,0.3,0.5,0.2,0.4,1.9,11.4,0.0,0.0,-0.3
46,55,6.0,F,Phoenix Suns,Mikal Bridges,2019-20,62.0,26.6,8.4,3.1,6.1,50.8,0.8,2.4,35.1,1.3,1.6,83.7,0.9,3.0,3.9,1.7,1.0,1.5,0.6,2.2,20.7,0.0,0.0,0.4
47,56,6.0,F,Charlotte Hornets,Miles Bridges,2019-20,61.0,30.8,13.2,5.0,11.6,43.2,1.6,4.7,34.2,1.6,2.0,80.7,1.4,4.1,5.5,1.7,1.5,0.6,0.7,2.0,25.0,4.0,0.0,-7.1
48,58,6.0,G-F,Dallas Mavericks,Ryan Broekhoff,2019-20,17.0,10.6,4.2,1.3,3.5,37.3,1.2,3.0,39.2,0.4,0.5,87.5,0.3,2.2,2.5,0.6,0.4,0.3,0.2,0.9,9.4,0.0,0.0,0.5
49,59,6.0,G,Indiana Pacers,Malcolm Brogdon,2019-20,47.0,31.1,16.6,6.1,13.9,44.0,1.3,4.1,31.4,3.1,3.4,89.5,0.9,3.9,4.8,7.3,2.4,0.7,0.2,1.9,33.3,9.0,0.0,2.3
50,60,6.0,G-F,Memphis Grizzlies,Dillon Brooks,2019-20,61.0,28.5,15.7,5.8,14.3,40.3,2.0,5.5,36.7,2.2,2.7,81.2,1.0,2.4,3.3,2.0,1.6,0.9,0.4,3.8,25.0,0.0,0.0,-0.7
51,62,6.0,G,Detroit Pistons,Bruce Brown,2019-20,56.0,28.1,8.9,3.4,7.6,44.3,0.6,1.6,33.7,1.6,2.1,73.7,1.0,3.7,4.7,3.9,1.7,1.1,0.5,2.8,23.5,4.0,0.0,-2.2
52,63,6.0,G,Boston Celtics,Jaylen Brown,2019-20,50.0,34.0,20.4,7.6,15.4,49.0,2.1,5.6,38.1,3.2,4.3,73.6,1.1,5.3,6.4,2.2,2.3,1.1,0.3,3.0,33.3,6.0,0.0,3.9
53,64,6.0,G,Milwaukee Bucks,Sterling Brown,2019-20,43.0,14.3,4.8,1.7,4.6,37.1,0.8,2.4,32.4,0.6,0.8,78.8,0.6,3.0,3.6,1.0,0.8,0.5,0.1,1.0,11.6,1.0,0.0,2.5
54,65,6.0,G,Dallas Mavericks,Jalen Brunson,2019-20,57.0,17.9,8.2,3.2,6.8,46.6,0.8,2.1,35.8,1.1,1.3,81.3,0.4,2.0,2.4,3.3,1.2,0.4,0.1,1.3,16.2,2.0,0.0,3.0
55,66,6.0,C,Washington Wizards,Thomas Bryant,2019-20,35.0,23.9,12.4,5.0,8.3,60.5,0.6,1.4,40.0,1.7,2.4,72.6,2.0,4.9,6.9,2.0,1.3,0.4,0.9,2.2,26.1,7.0,0.0,-4.2
56,67,6.0,G-F,New York Knicks,Reggie Bullock,2019-20,25.0,24.5,8.8,3.4,8.5,39.6,1.4,4.2,34.0,0.6,0.8,84.2,0.5,1.8,2.3,1.4,0.6,1.0,0.0,2.1,16.3,0.0,0.0,-4.5
57,68,6.0,G,Philadelphia 76ers,Trey Burke,2019-20,25.0,13.1,5.9,2.4,5.1,46.5,0.6,1.5,42.1,0.5,0.7,72.2,0.6,0.8,1.4,2.1,0.5,0.3,0.0,0.8,11.2,0.0,0.0,1.5
58,69,6.0,G,Philadelphia 76ers,Alec Burks,2019-20,56.0,27.8,15.3,4.9,12.1,40.2,1.7,4.6,36.4,3.9,4.3,89.7,0.7,3.8,4.5,2.9,1.4,1.0,0.3,2.1,27.4,1.0,0.0,-5.2
59,70,6.0,G,Oklahoma City Thunder,Deonte Burton,2019-20,33.0,8.5,2.8,1.2,3.1,36.9,0.3,1.4,22.2,0.2,0.4,50.0,0.2,1.2,1.4,0.3,0.4,0.2,0.3,0.8,5.9,0.0,0.0,-2.2
60,71,6.0,G-F,Miami Heat,Jimmy Butler,2019-20,51.0,34.4,20.5,6.2,13.6,45.4,0.6,2.3,25.0,7.6,9.1,83.4,1.8,4.9,6.7,6.2,2.3,1.7,0.6,1.4,42.4,10.0,3.0,4.6
61,73,6.0,G,Los Angeles Lakers,Kentavious Caldwell-Pope,2019-20,60.0,25.5,9.7,3.5,7.5,47.0,1.4,3.6,39.7,1.2,1.6,77.9,0.6,1.5,2.1,1.7,0.9,0.9,0.2,1.8,17.0,0.0,0.0,3.5
62,75,6.0,C,Atlanta Hawks,Clint Capela,2019-20,39.0,32.8,13.9,6.3,9.9,62.9,0.0,0.0,0.0,1.4,2.7,52.9,4.3,9.5,13.8,1.2,1.6,0.8,1.8,2.6,38.8,27.0,0.0,1.5
63,76,6.0,F,Houston Rockets,DeMarre Carroll,2019-20,18.0,10.1,2.5,0.7,2.2,32.5,0.3,1.2,23.8,0.8,1.4,56.0,0.5,1.8,2.3,0.9,0.8,0.2,0.2,1.3,7.1,0.0,0.0,0.9
64,78,6.0,G,Phoenix Suns,Jevon Carter,2019-20,47.0,14.6,4.3,1.6,3.9,40.2,0.9,2.1,40.6,0.3,0.4,78.9,0.5,1.3,1.8,1.3,0.6,0.8,0.2,1.5,10.9,0.0,0.0,-1.3
65,79,6.0,F-G,Atlanta Hawks,Vince Carter,2019-20,56.0,14.5,4.8,1.7,5.0,34.4,1.0,3.3,29.0,0.4,0.5,79.3,0.3,1.8,2.1,0.8,0.6,0.4,0.4,1.5,10.6,0.0,0.0,-2.5
66,80,6.0,G,Los Angeles Lakers,Alex Caruso,2019-20,55.0,18.1,5.5,1.9,4.5,42.4,0.7,1.9,35.0,1.0,1.3,77.0,0.2,1.7,1.9,1.8,0.8,1.1,0.3,1.5,13.8,0.0,0.0,4.4
67,81,7.0,C,Dallas Mavericks,Willie Cauley-Stein,2019-20,50.0,21.0,7.5,3.3,5.8,57.4,0.0,0.0,0.0,0.8,1.3,61.9,1.6,4.3,5.9,1.3,0.8,1.0,1.2,2.4,22.2,3.0,0.0,-2.4
68,84,7.0,C,Houston Rockets,Tyson Chandler,2019-20,26.0,8.4,1.3,0.5,0.7,77.8,0.0,0.0,0.0,0.2,0.5,46.2,1.0,1.6,2.5,0.2,0.3,0.2,0.3,1.2,6.0,0.0,0.0,1.2
69,85,6.0,F,Brooklyn Nets,Wilson Chandler,2019-20,31.0,21.0,6.1,2.2,5.4,41.3,1.1,3.5,30.8,0.6,0.7,85.7,0.4,3.8,4.2,1.1,1.0,0.5,0.4,2.2,14.5,0.0,0.0,-4.0
70,86,6.0,G,Charlotte Hornets,Joe Chealey,2019-20,3.0,10.4,0.7,0.0,2.3,0.0,0.0,1.3,0.0,0.7,0.7,100,0.0,0.0,0.0,0.3,0.7,1.3,0.0,0.7,4.5,0.0,0.0,-5.7
71,87,6.0,F,Golden State Warriors,Marquese Chriss,2019-20,56.0,19.8,9.1,3.5,6.4,54.6,0.1,0.7,21.6,2.0,2.6,75.9,1.8,4.1,5.9,1.8,1.4,0.7,1.1,2.1,22.7,6.0,0.0,-3.8
72,88,6.0,F,Orlando Magic,Gary Clark,2019-20,32.0,12.7,3.5,1.2,3.1,38.8,0.9,2.6,33.3,0.3,0.3,88.9,0.8,1.7,2.5,0.4,0.1,0.1,0.4,0.9,8.7,0.0,0.0,-0.4
73,90,6.0,G,Utah Jazz,Jordan Clarkson,2019-20,59.0,24.2,15.3,5.6,12.1,46.6,2.1,5.6,37.8,1.9,2.3,84.6,0.8,1.9,2.7,2.0,1.3,0.6,0.3,1.4,23.0,0.0,0.0,-0.9
74,91,6.0,F-C,Atlanta Hawks,John Collins,2019-20,37.0,32.7,21.1,8.5,14.6,57.9,1.5,3.6,40.6,2.8,3.4,81.0,2.7,7.3,10.1,1.5,1.9,0.7,1.6,3.4,40.6,19.0,0.0,-4.2
75,92,7.0,F-C,Portland Trail Blazers,Zach Collins,2019-20,3.0,28.8,9.0,3.0,6.3,47.4,1.0,2.3,42.9,2.0,2.0,100,1.3,2.7,4.0,2.0,2.0,0.0,0.7,3.7,16.8,0.0,0.0,6.3
76,94,6.0,G,Utah Jazz,Mike Conley,2019-20,37.0,28.3,13.5,4.7,11.8,39.8,1.8,5.0,36.0,2.3,2.9,78.7,0.6,2.7,3.3,4.2,1.8,0.6,0.1,2.3,24.2,0.0,0.0,1.2
77,95,6.0,G,Milwaukee Bucks,Pat Connaughton,2019-20,57.0,18.2,5.0,2.0,4.2,46.7,0.8,2.2,34.4,0.3,0.5,70.4,0.9,3.4,4.2,1.6,0.7,0.3,0.5,0.9,14.1,0.0,0.0,2.1
78,96,6.0,G,Los Angeles Lakers,Quinn Cook,2019-20,38.0,10.8,4.8,2.0,4.6,43.9,0.7,1.7,37.9,0.2,0.2,66.7,0.2,0.9,1.1,1.1,0.7,0.3,0.0,0.6,7.9,0.0,0.0,2.2
79,98,6.0,F,Houston Rockets,Robert Covington,2019-20,58.0,29.9,12.9,4.5,10.5,43.2,2.4,6.9,35.0,1.4,1.8,80.6,0.8,5.6,6.4,1.2,1.4,1.6,1.2,3.1,29.3,5.0,0.0,0.7
80,99,6.0,G-F,Minnesota Timberwolves,Allen Crabbe,2019-20,37.0,17.6,4.6,1.7,4.8,35.6,1.0,3.2,30.3,0.3,0.4,71.4,0.3,1.8,2.1,0.9,0.5,0.4,0.1,1.3,9.6,0.0,0.0,-6.0
81,100,6.0,F,Denver Nuggets,Torrey Craig,2019-20,46.0,17.8,5.1,2.0,4.3,45.9,0.7,2.2,32.7,0.4,0.7,64.5,1.0,2.3,3.3,0.7,0.4,0.3,0.7,2.2,12.6,2.0,0.0,-2.9
82,102,6.0,F,Miami Heat,Jae Crowder,2019-20,55.0,29.5,10.7,3.5,9.0,38.9,2.0,6.1,32.6,1.7,2.2,78.5,0.8,5.3,6.1,2.5,1.1,1.2,0.3,2.1,25.2,6.0,0.0,-2.3
83,104,6.0,G,Dallas Mavericks,Seth Curry,2019-20,57.0,24.5,12.4,4.4,9.0,49.3,2.3,5.1,44.8,1.3,1.5,84.9,0.5,1.9,2.4,2.0,1.0,0.6,0.1,1.7,19.6,0.0,0.0,2.7
84,105,6.0,G,Golden State Warriors,Stephen Curry,2019-20,4.0,28.0,20.3,6.8,16.5,40.9,2.3,9.3,24.3,4.5,4.5,100,1.0,4.0,5.0,6.5,3.8,1.3,0.5,2.5,37.5,1.0,0.0,-8.0
85,106,6.0,G,Denver Nuggets,Troy Daniels,2019-20,41.0,11.1,4.2,1.5,3.9,39.2,1.0,2.7,35.7,0.2,0.4,62.5,0.3,0.8,1.1,0.3,0.2,0.2,0.1,0.7,6.7,0.0,0.0,0.0
86,107,6.0,F-C,Los Angeles Lakers,Anthony Davis,2019-20,52.0,34.4,26.6,9.2,17.9,51.3,1.2,3.4,33.7,7.0,8.3,84.3,2.3,7.2,9.5,3.2,2.5,1.5,2.5,2.4,52.4,27.0,0.0,5.2
87,108,6.0,C,Utah Jazz,Ed Davis,2019-20,25.0,10.7,1.3,0.6,1.4,41.2,0.0,0.0,0.0,0.2,0.4,45.5,1.2,2.6,3.8,0.3,0.5,0.4,0.4,2.2,8.1,0.0,0.0,-3.5
88,109,7.0,C,Atlanta Hawks,Dewayne Dedmon,2019-20,40.0,16.9,5.5,2.2,5.4,40.7,0.5,2.3,20.9,0.7,0.8,83.9,1.2,4.1,5.3,0.5,1.3,0.5,1.0,3.0,15.5,3.0,0.0,-0.2
89,112,6.0,G,Cleveland Cavaliers,Matthew Dellavedova,2019-20,53.0,12.7,2.8,1.0,2.8,35.6,0.3,1.4,21.1,0.5,0.6,86.7,0.3,0.8,1.1,2.7,0.9,0.3,0.0,1.3,8.3,0.0,0.0,0.0
90,114,6.0,G,San Antonio Spurs,DeMar DeRozan,2019-20,58.0,34.2,22.2,8.3,15.7,52.7,0.1,0.5,26.7,5.5,6.6,84.2,0.6,5.0,5.6,5.4,2.4,1.0,0.2,2.7,38.4,5.0,0.0,-2.1
91,116,6.0,F,Phoenix Suns,Cheick Diallo,2019-20,41.0,10.4,4.8,2.0,3.0,66.1,0.0,0.0,50.0,0.7,0.9,85.7,0.6,2.2,2.8,0.5,0.7,0.2,0.3,1.3,9.7,1.0,0.0,-1.5
92,117,6.0,G,Oklahoma City Thunder,Hamidou Diallo,2019-20,36.0,18.2,6.1,2.6,5.8,44.5,0.1,0.9,15.6,0.8,1.2,64.3,0.8,2.5,3.3,0.6,1.0,0.8,0.2,2.1,12.7,2.0,0.0,0.0
93,118,6.0,C,Memphis Grizzlies,Gorgui Dieng,2019-20,54.0,17.4,7.6,2.8,6.1,45.9,0.9,2.6,35.7,1.1,1.4,77.3,1.5,4.1,5.7,1.2,0.9,0.9,1.0,2.0,20.7,9.0,0.0,-1.7
94,119,6.0,G,Brooklyn Nets,Spencer Dinwiddie,2019-20,60.0,31.2,20.8,6.8,16.2,41.6,2.0,6.3,31.0,5.4,6.9,77.5,0.5,3.0,3.5,6.8,2.7,0.6,0.3,2.8,35.3,9.0,0.0,0.9
95,120,6.0,G,Milwaukee Bucks,Donte DiVincenzo,2019-20,56.0,22.9,9.0,3.4,7.5,45.5,1.2,3.6,33.5,1.0,1.3,76.1,1.0,3.8,4.9,2.2,1.2,1.3,0.3,1.6,21.8,1.0,0.0,7.2
96,121,6.0,F-G,Dallas Mavericks,Luka Doncic,2019-20,49.0,33.0,28.5,9.4,20.3,46.1,2.8,8.9,31.5,6.9,9.0,76.5,1.3,8.0,9.3,8.8,4.3,1.0,0.2,2.5,52.2,32.0,13.0,5.6
97,123,6.0,G,New York Knicks,Damyean Dotson,2019-20,47.0,17.5,6.7,2.5,6.0,41.8,1.3,3.4,36.6,0.5,0.7,68.8,0.2,1.7,1.9,1.2,0.4,0.5,0.1,0.9,12.0,0.0,0.0,-1.7
98,124,6.0,G-F,Denver Nuggets,PJ Dozier,2019-20,20.0,11.6,4.3,1.8,4.5,40.0,0.4,1.4,25.0,0.4,0.6,63.6,0.3,1.3,1.5,1.5,0.6,0.4,0.3,1.4,9.5,0.0,0.0,-0.5
99,125,6.0,G,Miami Heat,Goran Dragic,2019-20,50.0,28.5,16.3,5.5,12.3,44.5,2.2,5.8,38.4,3.1,4.1,76.1,0.5,2.6,3.1,5.1,2.4,0.6,0.2,1.9,27.4,3.0,0.0,2.1
100,126,6.0,C,Cleveland Cavaliers,Andre Drummond,2019-20,55.0,32.9,17.5,7.3,13.7,52.9,0.1,0.6,15.2,2.9,5.0,57.7,4.4,10.8,15.3,2.7,3.6,1.9,1.6,3.5,47.0,46.0,0.0,-3.7
101,127,6.0,F,Los Angeles Lakers,Jared Dudley,2019-20,40.0,7.8,1.5,0.5,1.3,40.0,0.4,0.9,47.1,0.1,0.1,100,0.1,1.0,1.1,0.5,0.2,0.3,0.1,0.9,4.4,0.0,0.0,0.2
102,128,6.0,G,Chicago Bulls,Kris Dunn,2019-20,51.0,24.9,7.3,3.0,6.7,44.4,0.6,2.2,25.9,0.8,1.1,74.1,0.5,3.2,3.6,3.4,1.3,2.0,0.3,3.1,22.4,0.0,0.0,-0.6
103,132,6.0,F,Brooklyn Nets,Henry Ellenson,2019-20,5.0,3.0,0.4,0.2,1.4,14.3,0.0,0.8,0.0,0.0,0.0,0.0,0.4,0.8,1.2,0.2,0.0,0.0,0.0,0.2,2.1,0.0,0.0,2.4
104,133,7.0,F-C,Philadelphia 76ers,Joel Embiid,2019-20,43.0,30.3,23.3,7.5,15.9,47.2,1.3,3.7,34.2,7.0,8.6,81.4,2.7,9.0,11.8,3.1,3.0,0.9,1.3,3.4,45.7,33.0,0.0,2.8
105,135,6.0,F,San Antonio Spurs,Drew Eubanks,2019-20,11.0,7.8,3.5,1.5,1.9,76.2,0.1,0.1,100,0.5,0.8,66.7,0.6,1.5,2.2,0.2,0.6,0.0,0.3,1.2,6.6,0.0,0.0,-4.8
106,136,6.0,G,Minnesota Timberwolves,Jacob Evans,2019-20,29.0,14.4,4.4,1.6,4.6,33.6,0.4,1.3,33.3,0.9,1.0,86.2,0.3,1.1,1.4,1.1,0.9,0.4,0.4,1.4,9.2,0.0,0.0,-3.5
107,138,6.0,G,Cleveland Cavaliers,Dante Exum,2019-20,35.0,13.9,4.5,1.6,3.4,47.1,0.4,1.2,34.9,0.9,1.2,74.4,0.3,1.6,1.9,1.1,0.9,0.4,0.2,1.1,9.5,0.0,0.0,-3.1
108,140,6.0,F-C,New Orleans Pelicans,Derrick Favors,2019-20,42.0,24.1,9.3,4.2,6.8,61.9,0.0,0.1,16.7,0.8,1.4,59.3,3.2,6.7,10.0,1.7,1.1,0.6,1.0,2.2,27.3,15.0,0.0,2.2
109,141,6.0,F-C,Chicago Bulls,Cristiano Felicio,2019-20,20.0,19.0,4.3,1.7,2.7,63.0,0.0,0.1,0.0,0.9,1.2,78.3,2.7,2.4,5.1,0.8,0.9,0.5,0.1,1.6,12.4,0.0,0.0,-2.7
110,143,6.0,G,Oklahoma City Thunder,Terrance Ferguson,2019-20,47.0,23.8,4.3,1.5,4.1,37.0,1.0,3.2,30.5,0.3,0.4,78.9,0.5,1.0,1.5,0.9,0.6,0.5,0.3,2.9,9.4,0.0,0.0,-2.4
111,144,6.0,G,Sacramento Kings,Yogi Ferrell,2019-20,43.0,11.2,4.3,1.6,3.9,39.9,0.4,1.6,27.9,0.7,0.8,85.7,0.1,1.0,1.1,1.4,0.6,0.3,0.1,0.7,8.3,0.0,0.0,-0.5
112,145,6.0,F,Dallas Mavericks,Dorian Finney-Smith,2019-20,62.0,29.8,9.4,3.3,7.2,46.6,1.5,4.1,37.4,1.1,1.6,72.2,2.0,3.6,5.6,1.6,1.0,0.7,0.6,2.4,21.3,3.0,0.0,4.4
113,146,6.0,G,San Antonio Spurs,Bryn Forbes,2019-20,60.0,25.2,11.2,3.9,9.3,41.5,2.4,6.1,38.5,1.2,1.4,82.1,0.2,1.8,2.0,1.8,0.9,0.5,0.0,1.8,17.0,0.0,0.0,-3.2
114,147,6.0,G-F,Orlando Magic,Evan Fournier,2019-20,60.0,31.7,18.9,6.7,14.3,46.7,2.7,6.7,40.3,2.8,3.4,81.8,0.3,2.3,2.6,3.2,2.0,1.1,0.2,2.4,28.8,0.0,0.0,-2.1
115,148,6.0,G,Sacramento Kings,De'Aaron Fox,2019-20,42.0,31.7,20.4,7.4,15.4,47.7,1.1,3.4,31.9,4.6,6.7,68.1,0.7,3.3,4.0,6.7,3.2,1.5,0.5,2.9,37.9,7.0,0.0,-1.6
116,150,6.0,G,Detroit Pistons,Tim Frazier,2019-20,27.0,13.1,3.6,1.3,3.5,36.2,0.4,1.1,33.3,0.7,0.9,79.2,0.3,0.9,1.2,3.4,1.3,0.5,0.1,1.6,10.9,0.0,0.0,-2.0
117,152,6.0,G,Orlando Magic,Markelle Fultz,2019-20,60.0,28.3,11.7,4.8,10.4,46.3,0.5,1.9,24.3,1.6,2.2,73.5,0.5,2.9,3.4,5.2,2.1,1.3,0.2,1.9,25.9,3.0,1.0,-1.1
118,153,6.0,F,Portland Trail Blazers,Wenyen Gabriel,2019-20,24.0,7.7,2.0,0.7,1.7,40.0,0.2,0.7,23.5,0.5,0.7,68.8,0.6,1.0,1.6,0.3,0.6,0.3,0.3,1.3,5.4,0.0,0.0,-2.1
119,154,6.0,F,Oklahoma City Thunder,Danilo Gallinari,2019-20,52.0,30.7,19.2,5.9,13.5,43.9,3.0,7.3,41.1,4.3,4.8,89.2,0.6,4.9,5.5,2.1,1.3,0.7,0.1,1.2,30.0,3.0,0.0,3.1
120,155,6.0,G,Detroit Pistons,Langston Galloway,2019-20,62.0,25.8,10.2,3.5,8.1,43.2,2.0,5.1,39.8,1.1,1.3,86.6,0.5,1.7,2.2,1.5,0.6,0.7,0.2,1.5,17.1,0.0,0.0,-1.8
121,156,7.0,C,Toronto Raptors,Marc Gasol,2019-20,35.0,27.8,7.8,2.8,6.6,42.4,1.4,3.5,40.3,0.7,1.0,72.2,0.8,5.6,6.5,3.5,1.2,0.8,0.9,2.9,24.7,3.0,0.0,6.9
122,158,6.0,F,San Antonio Spurs,Rudy Gay,2019-20,57.0,21.2,9.6,3.5,8.1,43.7,0.9,2.9,31.5,1.6,1.9,86.9,0.9,4.4,5.3,1.7,1.4,0.4,0.5,1.5,20.0,4.0,0.0,-0.1
123,159,6.0,F,LA Clippers,Paul George,2019-20,39.0,29.0,21.1,7.0,16.2,43.0,3.3,8.1,40.4,3.8,4.3,88.8,0.5,5.3,5.8,3.8,2.8,1.3,0.5,2.4,36.3,5.0,0.0,4.5
124,160,6.0,F,New York Knicks,Taj Gibson,2019-20,57.0,16.6,6.1,2.7,4.6,58.1,0.1,0.2,25.0,0.7,0.9,72.2,1.9,2.6,4.4,0.9,0.8,0.4,0.4,2.0,14.6,0.0,0.0,-4.2
125,162,6.0,G,Oklahoma City Thunder,Shai Gilgeous-Alexander,2019-20,61.0,35.4,19.2,7.0,14.9,46.6,1.2,3.5,34.9,4.1,5.1,80.0,0.7,5.5,6.2,3.3,1.9,1.1,0.7,1.7,35.0,9.0,1.0,2.0
126,163,7.0,C,Utah Jazz,Rudy Gobert,2019-20,58.0,34.6,15.4,5.8,8.4,69.6,0.0,0.0,0.0,3.7,5.9,61.9,3.5,10.5,14.0,1.5,2.0,0.7,2.0,3.1,40.6,43.0,0.0,5.0
127,164,6.0,F,Orlando Magic,Aaron Gordon,2019-20,54.0,32.8,14.4,5.4,12.5,43.3,1.2,4.0,31.3,2.4,3.5,67.2,1.8,5.8,7.6,3.5,1.6,0.8,0.6,2.0,31.3,17.0,1.0,-2.4
128,165,6.0,G,Houston Rockets,Eric Gordon,2019-20,32.0,28.7,14.8,4.8,13.0,37.3,2.8,8.5,32.6,2.3,3.1,74.7,0.3,1.7,1.9,1.6,1.1,0.7,0.3,2.0,21.4,0.0,0.0,1.1
129,166,6.0,G,Charlotte Hornets,Devonte' Graham,2019-20,59.0,35.0,17.6,5.6,15.1,37.4,3.4,9.2,36.6,3.0,3.7,80.7,0.7,2.8,3.5,7.5,2.9,0.9,0.3,1.9,33.7,16.0,0.0,-3.5
130,167,6.0,F,Atlanta Hawks,Treveon Graham,2019-20,51.0,17.0,4.4,1.6,4.5,35.2,0.6,2.2,26.4,0.7,1.0,66.7,0.9,1.8,2.7,0.8,0.5,0.5,0.1,1.8,10.0,0.0,0.0,-2.6
131,168,6.0,F,Denver Nuggets,Jerami Grant,2019-20,60.0,26.4,11.6,4.1,8.7,46.9,1.4,3.5,39.6,2.0,2.8,73.9,0.8,2.7,3.6,1.2,0.9,0.6,0.8,2.2,21.2,0.0,0.0,-1.1
132,170,6.0,G-F,Los Angeles Lakers,Danny Green,2019-20,58.0,24.9,8.4,3.0,7.1,42.3,1.9,5.0,37.8,0.6,0.8,72.7,0.7,2.7,3.4,1.4,0.9,1.2,0.5,2.1,18.8,0.0,0.0,5.0
133,171,6.0,F,Golden State Warriors,Draymond Green,2019-20,43.0,28.4,8.0,2.9,7.3,38.9,0.8,3.0,27.9,1.5,1.9,75.9,0.5,5.7,6.2,6.2,2.3,1.4,0.8,2.6,28.9,8.0,2.0,-4.5
134,173,6.0,F,LA Clippers,JaMychal Green,2019-20,52.0,20.6,6.3,2.2,5.4,40.8,1.3,3.7,36.1,0.6,0.8,73.8,1.3,4.9,6.3,0.7,0.8,0.5,0.4,2.7,16.7,6.0,0.0,2.8
135,174,6.0,F,Houston Rockets,Jeff Green,2019-20,36.0,18.3,7.8,2.5,6.2,41.0,1.2,3.4,35.2,1.5,1.9,78.3,0.4,2.3,2.7,0.8,0.9,0.4,0.4,1.6,13.7,0.0,0.0,-2.0
136,175,6.0,F,Detroit Pistons,Blake Griffin,2019-20,18.0,28.5,15.5,4.9,13.9,35.2,1.5,6.2,24.3,4.2,5.4,77.6,0.9,3.7,4.7,3.3,2.2,0.4,0.4,1.5,26.1,2.0,0.0,-1.4
137,177,6.0,G,Houston Rockets,James Harden,2019-20,57.0,36.8,34.9,10.1,23.0,43.9,4.6,12.8,35.8,10.2,11.8,86.7,1.1,5.2,6.3,7.4,4.4,1.7,0.9,3.4,57.0,18.0,3.0,5.3
138,178,6.0,F,New York Knicks,Maurice Harkless,2019-20,57.0,23.1,5.8,2.3,4.5,51.0,0.6,1.6,37.4,0.6,1.0,57.9,0.9,3.1,4.0,1.1,0.9,1.0,0.6,2.4,15.9,0.0,0.0,1.0
139,179,6.0,F-C,LA Clippers,Montrezl Harrell,2019-20,60.0,27.9,18.7,7.6,13.0,58.0,0.0,0.3,0.0,3.6,5.5,65.2,2.7,4.4,7.1,1.7,1.7,0.7,1.1,2.3,33.3,11.0,0.0,4.0
140,181,6.0,G,Denver Nuggets,Gary Harris,2019-20,52.0,31.9,10.1,3.8,9.3,40.7,1.2,3.8,31.6,1.3,1.6,82.9,0.5,2.5,2.9,2.2,1.1,1.3,0.3,2.2,20.4,0.0,0.0,2.6
141,182,6.0,F-G,Brooklyn Nets,Joe Harris,2019-20,59.0,31.1,13.7,5.2,11.2,46.4,2.4,5.9,40.9,1.0,1.3,73.4,0.9,3.4,4.3,2.1,1.5,0.6,0.3,2.2,23.2,0.0,0.0,1.7
142,183,6.0,G,Chicago Bulls,Shaquille Harrison,2019-20,39.0,9.1,3.9,1.5,3.3,44.9,0.2,0.8,26.7,0.8,1.0,77.5,0.4,1.2,1.6,0.9,0.4,0.6,0.3,1.0,9.5,1.0,0.0,1.7
143,184,6.0,F,Philadelphia 76ers,Tobias Harris,2019-20,62.0,34.6,19.2,7.5,15.9,47.4,1.8,4.9,36.4,2.3,2.9,80.1,0.8,5.9,6.7,3.1,1.5,0.8,0.5,2.3,34.4,9.0,0.0,1.9
144,185,7.0,F-C,Houston Rockets,Isaiah Hartenstein,2019-20,23.0,11.6,4.7,1.9,2.9,65.7,0.0,0.2,0.0,0.8,1.2,67.9,1.3,2.7,3.9,0.8,0.7,0.4,0.5,1.8,12.6,2.0,0.0,1.7
145,186,6.0,G,New Orleans Pelicans,Josh Hart,2019-20,54.0,27.7,10.3,3.6,8.4,42.4,2.0,5.7,35.0,1.2,1.6,74.1,1.0,5.5,6.5,1.7,1.1,1.0,0.4,2.6,23.7,8.0,0.0,-0.9
146,187,6.0,F,Miami Heat,Udonis Haslem,2019-20,3.0,6.9,1.7,0.3,2.0,16.7,0.0,0.7,0.0,1.0,1.3,75.0,0.0,2.7,2.7,0.3,0.0,0.0,0.0,1.0,5.4,0.0,0.0,-4.7
147,188,6.0,F,Boston Celtics,Gordon Hayward,2019-20,43.0,33.2,16.9,6.7,13.2,50.3,1.6,4.1,38.3,2.0,2.4,85.4,1.0,5.5,6.5,4.1,1.8,0.7,0.4,1.7,32.5,7.0,0.0,6.3
148,189,6.0,F,Detroit Pistons,John Henson,2019-20,37.0,14.9,5.4,2.3,4.2,54.5,0.2,0.9,20.6,0.6,1.2,50.0,1.2,2.9,4.1,1.4,0.8,0.6,1.1,1.9,16.8,1.0,0.0,-0.3
149,190,6.0,F,Minnesota Timberwolves,Juancho Hernangomez,2019-20,44.0,16.2,5.6,2.0,4.8,40.4,0.8,2.5,34.3,0.9,1.4,62.3,0.9,2.8,3.7,0.8,0.7,0.3,0.2,1.2,12.3,3.0,0.0,-0.8
150,191,6.0,C,Charlotte Hornets,Willy Hernangomez,2019-20,29.0,11.5,6.0,2.3,4.3,52.4,0.2,0.7,23.8,1.2,2.0,63.2,1.3,2.8,4.0,1.0,1.0,0.3,0.2,1.1,13.0,2.0,0.0,-0.4
151,192,6.0,F,Portland Trail Blazers,Mario Hezonja,2019-20,43.0,16.3,4.5,1.6,4.0,40.6,0.3,1.3,26.8,1.0,1.2,82.4,0.6,3.0,3.6,0.9,0.7,0.6,0.1,2.1,11.6,1.0,0.0,-3.3
152,194,6.0,G,Sacramento Kings,Buddy Hield,2019-20,61.0,32.3,19.9,7.1,16.7,42.7,3.8,9.7,38.7,1.8,2.1,85.5,0.9,4.0,4.9,3.1,2.3,0.9,0.3,2.4,31.6,2.0,0.0,-0.8
153,195,6.0,G,Milwaukee Bucks,George Hill,2019-20,51.0,21.3,9.7,3.5,6.5,53.5,1.4,2.9,48.7,1.4,1.6,83.1,0.9,2.1,3.0,2.9,1.0,0.8,0.1,1.5,19.4,0.0,0.0,5.4
154,196,6.0,F,Miami Heat,Solomon Hill,2019-20,51.0,18.1,5.5,1.9,4.7,40.8,1.1,3.0,37.7,0.5,0.7,68.4,0.5,2.4,2.9,1.8,0.8,0.6,0.1,1.5,13.2,0.0,0.0,-1.3
155,197,6.0,G,Indiana Pacers,Aaron Holiday,2019-20,54.0,23.0,9.6,3.6,8.6,41.3,1.5,3.6,40.7,1.0,1.2,87.5,0.4,1.9,2.2,3.4,1.3,0.7,0.2,1.8,18.9,2.0,0.0,1.9
156,198,6.0,G,New Orleans Pelicans,Jrue Holiday,2019-20,52.0,34.8,19.2,7.6,16.9,44.7,2.0,5.8,35.3,2.1,3.0,69.7,1.2,3.5,4.8,6.9,2.9,1.7,0.8,2.2,39.7,10.0,1.0,0.1
157,199,6.0,F-G,Indiana Pacers,Justin Holiday,2019-20,61.0,25.1,8.4,2.9,6.6,43.9,1.9,4.4,42.4,0.7,1.0,77.6,0.5,2.7,3.2,1.4,0.6,1.1,0.6,1.8,19.1,0.0,0.0,1.1
158,200,6.0,F,Toronto Raptors,Rondae Hollis-Jefferson,2019-20,49.0,19.7,7.5,2.8,5.8,47.6,0.0,0.3,11.8,1.9,2.6,73.2,1.9,3.0,4.9,1.8,1.0,0.9,0.4,2.1,19.0,2.0,0.0,2.0
159,201,6.0,F-C,Sacramento Kings,Richaun Holmes,2019-20,37.0,29.4,13.1,5.5,8.4,66.0,0.0,0.0,0.0,2.1,2.5,81.7,3.1,5.4,8.5,1.0,1.2,1.1,1.4,3.9,30.9,13.0,0.0,0.2
160,202,6.0,G,Portland Trail Blazers,Rodney Hood,2019-20,21.0,29.5,11.0,4.1,8.2,50.6,1.7,3.4,49.3,1.0,1.3,77.8,0.5,3.0,3.4,1.5,0.9,0.8,0.2,2.2,19.4,0.0,0.0,0.2
161,203,6.0,C-F,Philadelphia 76ers,Al Horford,2019-20,57.0,30.6,11.6,4.6,10.8,43.2,1.4,4.3,32.8,0.9,1.2,73.9,1.5,5.2,6.7,3.9,1.0,0.9,0.9,2.2,30.1,4.0,0.0,1.2
162,204,6.0,C,Los Angeles Lakers,Dwight Howard,2019-20,60.0,19.6,7.8,3.1,4.3,73.7,0.1,0.1,60.0,1.5,3.0,49.4,2.6,5.0,7.6,0.7,1.2,0.4,1.3,3.3,21.8,8.0,0.0,3.1
163,205,6.0,G,Atlanta Hawks,Kevin Huerter,2019-20,52.0,31.0,12.3,4.5,10.8,41.5,2.3,5.9,38.8,1.0,1.2,82.8,0.7,3.5,4.1,3.5,1.6,0.9,0.5,2.4,25.2,1.0,0.0,-4.2
164,206,6.0,F,Chicago Bulls,Chandler Hutchison,2019-20,28.0,18.8,7.8,2.9,6.3,45.7,0.4,1.4,31.6,1.6,2.8,59.0,0.6,3.2,3.9,0.9,1.0,1.0,0.3,1.7,16.5,0.0,0.0,-5.1
165,207,6.0,F-C,Toronto Raptors,Serge Ibaka,2019-20,47.0,27.1,15.9,6.4,12.4,51.8,1.3,3.2,38.8,1.7,2.4,73.0,2.1,6.0,8.0,1.3,2.0,0.5,0.8,2.8,29.5,16.0,0.0,1.7
166,208,6.0,G-F,Miami Heat,Andre Iguodala,2019-20,10.0,18.3,4.2,1.7,3.6,47.2,0.7,1.9,36.8,0.1,0.4,25.0,1.0,2.9,3.9,1.8,1.3,0.3,0.9,1.9,13.9,0.0,0.0,-1.5
167,209,6.0,F,Milwaukee Bucks,Ersan Ilyasova,2019-20,54.0,16.0,7.0,2.5,5.3,47.2,0.9,2.3,37.4,1.1,1.4,82.7,1.1,3.8,4.9,0.9,0.6,0.4,0.3,1.6,15.6,4.0,0.0,2.3
168,210,6.0,F,Utah Jazz,Joe Ingles,2019-20,60.0,30.0,9.7,3.4,7.8,43.2,1.9,4.9,39.2,1.1,1.4,79.0,0.4,3.6,4.0,5.2,1.9,0.8,0.1,2.2,23.2,2.0,0.0,3.6
169,211,6.0,F,New Orleans Pelicans,Brandon Ingram,2019-20,53.0,34.1,24.6,8.5,18.0,47.1,2.5,6.3,39.3,5.2,6.0,86.3,0.8,5.3,6.2,4.3,3.1,1.0,0.7,2.8,40.4,8.0,0.0,-0.6
170,212,6.0,G,Brooklyn Nets,Kyrie Irving,2019-20,20.0,32.9,27.4,10.0,20.8,47.8,2.8,7.1,39.4,4.7,5.1,92.2,1.1,4.1,5.2,6.4,2.6,1.4,0.5,2.7,46.1,3.0,1.0,-0.4
171,213,6.0,F,Orlando Magic,Jonathan Isaac,2019-20,32.0,29.7,12.0,4.7,10.1,46.3,0.9,2.8,33.0,1.8,2.3,76.7,1.8,5.2,6.9,1.4,1.5,1.6,2.4,2.5,32.9,5.0,0.0,0.3
172,214,6.0,F,Orlando Magic,Wes Iwundu,2019-20,42.0,17.9,5.1,1.6,4.3,38.0,0.5,1.5,31.7,1.4,1.7,81.4,0.5,2.0,2.5,1.0,0.4,0.6,0.2,1.4,11.8,0.0,0.0,-0.1
173,216,6.0,G,New Orleans Pelicans,Frank Jackson,2019-20,48.0,12.7,5.5,1.9,4.9,39.2,0.7,2.3,31.5,0.9,1.2,76.3,0.4,0.9,1.3,0.8,0.8,0.3,0.1,1.3,8.6,0.0,0.0,-1.7
174,217,6.0,F,Memphis Grizzlies,Josh Jackson,2019-20,14.0,19.8,8.6,3.1,7.5,41.0,1.0,3.2,31.1,1.5,2.1,72.4,0.7,2.9,3.6,1.5,1.3,0.9,0.5,1.9,18.3,0.0,0.0,0.9
175,218,6.0,F,Dallas Mavericks,Justin Jackson,2019-20,54.0,15.8,5.7,2.1,5.4,39.6,0.8,2.6,29.1,0.6,0.7,82.5,0.4,2.0,2.4,0.7,0.2,0.2,0.1,1.1,10.4,0.0,0.0,-0.6
176,219,6.0,G,LA Clippers,Reggie Jackson,2019-20,20.0,25.2,13.2,4.8,11.9,40.3,2.0,5.2,38.5,1.6,2.0,82.1,0.8,2.4,3.1,4.8,1.7,0.5,0.2,1.7,24.6,1.0,0.0,4.2
177,220,6.0,F,Los Angeles Lakers,LeBron James,2019-20,57.0,34.9,25.4,9.7,19.6,49.7,2.2,6.3,35.1,3.8,5.4,69.3,1.0,6.8,7.8,10.7,4.0,1.2,0.5,1.7,52.0,41.0,13.0,8.1
178,221,6.0,F,Orlando Magic,Amile Jefferson,2019-20,18.0,4.1,0.8,0.3,0.8,35.7,0.0,0.0,0.0,0.3,0.8,35.7,0.6,0.7,1.3,0.2,0.2,0.1,0.2,0.4,3.2,0.0,0.0,1.0
179,223,6.0,F,Indiana Pacers,Alize Johnson,2019-20,12.0,4.2,1.5,0.6,1.3,46.7,0.0,0.0,0.0,0.3,0.5,66.7,0.6,0.8,1.4,0.2,0.2,0.0,0.0,0.5,3.3,0.0,0.0,0.0
180,225,6.0,F,Minnesota Timberwolves,James Johnson,2019-20,28.0,18.9,7.9,3.0,6.3,48.0,0.9,2.6,33.8,1.0,1.5,64.3,0.8,2.9,3.6,2.0,1.4,0.7,1.0,2.5,18.8,0.0,0.0,-2.3
181,226,6.0,F,Toronto Raptors,Stanley Johnson,2019-20,20.0,4.8,1.2,0.4,1.6,25.8,0.1,0.7,15.4,0.3,0.3,83.3,0.2,1.0,1.1,0.4,0.4,0.2,0.1,0.5,3.6,0.0,0.0,-0.6
182,227,6.0,G,Phoenix Suns,Tyler Johnson,2019-20,31.0,16.6,5.7,2.1,5.5,38.0,0.8,2.7,28.9,0.8,1.0,75.0,0.3,1.4,1.7,1.6,0.8,0.4,0.3,1.4,11.3,0.0,0.0,-3.3
183,229,7.0,C,Denver Nuggets,Nikola Jokic,2019-20,61.0,32.4,20.8,8.1,15.2,53.2,1.1,3.5,32.7,3.5,4.3,81.6,2.4,7.8,10.2,6.8,3.0,1.2,0.7,3.0,45.9,37.0,12.0,3.8
184,231,7.0,C,Atlanta Hawks,Damian Jones,2019-20,54.0,16.3,5.7,2.2,3.3,68.0,0.0,0.2,22.2,1.1,1.6,73.8,1.4,2.4,3.8,0.6,0.5,0.5,0.7,2.7,14.3,0.0,0.0,-4.6
185,232,6.0,G,Memphis Grizzlies,Tyus Jones,2019-20,61.0,18.9,7.2,3.0,6.4,46.6,0.7,1.8,36.7,0.6,0.8,72.0,0.1,1.4,1.6,4.4,0.9,0.9,0.1,0.6,17.8,0.0,0.0,-1.1
186,233,6.0,C,Brooklyn Nets,DeAndre Jordan,2019-20,52.0,22.0,8.3,3.4,5.1,67.0,0.0,0.0,0.0,1.5,2.2,69.6,2.5,7.5,10.0,1.9,1.4,0.3,0.9,2.0,25.7,11.0,0.0,-0.9
187,234,6.0,G,Sacramento Kings,Cory Joseph,2019-20,61.0,24.3,6.5,2.5,5.9,42.4,0.8,2.1,36.2,0.7,0.9,81.5,0.6,2.0,2.6,3.4,1.0,0.7,0.3,1.9,16.8,0.0,0.0,-0.8
188,235,7.0,F-C,Phoenix Suns,Frank Kaminsky,2019-20,32.0,22.4,11.0,4.0,8.7,45.5,1.2,3.5,34.8,1.8,2.8,67.0,0.9,4.0,4.9,2.2,1.0,0.4,0.3,2.2,21.4,1.0,0.0,-1.0
189,236,6.0,G,Detroit Pistons,Luke Kennard,2019-20,28.0,32.9,15.8,5.4,12.2,44.2,2.6,6.5,39.9,2.4,2.7,89.3,0.3,3.2,3.5,4.1,1.5,0.4,0.2,2.3,26.5,0.0,0.0,-0.8
190,237,6.0,F,Dallas Mavericks,Michael Kidd-Gilchrist,2019-20,19.0,11.2,2.7,1.0,3.0,33.3,0.3,0.9,27.8,0.5,0.6,81.8,0.6,2.1,2.7,0.6,0.5,0.1,0.3,1.5,7.3,0.0,0.0,-0.4
191,239,6.0,F,Dallas Mavericks,Maxi Kleber,2019-20,61.0,25.0,9.2,3.2,7.0,46.5,1.6,4.2,38.0,1.1,1.3,86.3,1.6,3.8,5.4,1.1,0.7,0.3,1.2,2.3,21.0,2.0,0.0,2.1
192,240,6.0,G,Detroit Pistons,Brandon Knight,2019-20,22.0,16.5,6.6,2.2,6.2,36.0,1.7,4.9,34.3,0.5,1.0,47.8,0.1,1.2,1.4,2.4,1.5,0.4,0.1,1.5,11.8,0.0,0.0,-2.9
193,242,6.0,G-F,Philadelphia 76ers,Furkan Korkmaz,2019-20,61.0,21.8,9.8,3.5,8.1,43.2,2.0,5.0,39.7,0.8,1.1,72.3,0.3,2.0,2.3,1.0,0.7,0.5,0.2,1.3,15.7,0.0,0.0,1.3
194,243,7.0,F-C,Chicago Bulls,Luke Kornet,2019-20,36.0,15.5,6.0,2.3,5.2,43.9,0.9,3.0,28.7,0.6,0.8,71.4,0.6,1.7,2.3,0.9,0.4,0.3,0.7,1.5,12.8,0.0,0.0,-1.2
195,244,6.0,G-F,Milwaukee Bucks,Kyle Korver,2019-20,47.0,16.7,6.4,2.1,5.0,41.8,1.6,4.0,40.7,0.6,0.7,83.9,0.3,1.8,2.1,1.2,0.8,0.4,0.2,1.3,11.8,0.0,0.0,2.9
196,246,6.0,F,Brooklyn Nets,Rodions Kurucs,2019-20,37.0,13.0,4.3,1.6,3.5,46.5,0.7,1.6,41.0,0.4,0.6,62.5,0.5,2.1,2.6,0.8,0.9,0.5,0.1,1.8,9.4,0.0,0.0,-0.1
197,247,6.0,F,Los Angeles Lakers,Kyle Kuzma,2019-20,51.0,24.7,12.6,4.7,11.0,43.2,1.4,4.4,30.8,1.7,2.4,72.1,0.9,3.4,4.3,1.3,1.6,0.4,0.4,1.9,20.3,2.0,0.0,3.1
198,248,6.0,F,Atlanta Hawks,Skal Labissiere,2019-20,33.0,17.2,5.8,2.5,4.5,55.1,0.1,0.4,23.1,0.8,1.0,75.8,2.0,3.2,5.1,1.3,0.9,0.2,0.9,2.7,16.4,1.0,0.0,0.4
199,249,6.0,G,Indiana Pacers,Jeremy Lamb,2019-20,46.0,28.1,12.5,4.7,10.4,45.1,1.2,3.4,33.5,2.0,2.4,83.6,0.5,3.8,4.3,2.1,1.1,1.2,0.5,2.3,24.8,2.0,0.0,0.0
200,250,6.0,G,Chicago Bulls,Zach LaVine,2019-20,60.0,34.8,25.5,9.0,20.0,45.0,3.1,8.1,38.0,4.5,5.6,80.2,0.7,4.1,4.8,4.2,3.4,1.5,0.5,2.2,40.0,2.0,0.0,-3.2
201,251,6.0,F,Minnesota Timberwolves,Jake Layman,2019-20,19.0,23.0,9.2,3.6,8.3,43.0,1.2,3.4,33.8,0.8,1.2,69.6,0.6,1.9,2.6,0.7,1.1,0.8,0.5,2.1,16.2,0.0,0.0,0.7
202,252,6.0,F,Indiana Pacers,TJ Leaf,2019-20,24.0,7.9,3.0,1.3,2.9,43.5,0.2,0.6,35.7,0.3,0.5,58.3,0.9,1.8,2.7,0.3,0.3,0.3,0.1,0.8,7.7,1.0,0.0,-0.5
203,253,6.0,G,Dallas Mavericks,Courtney Lee,2019-20,19.0,12.2,3.8,1.5,3.0,49.1,0.8,1.8,42.9,0.1,0.2,66.7,0.2,1.0,1.2,0.5,0.4,0.6,0.2,1.4,8.1,0.0,0.0,1.4
204,254,6.0,G,Golden State Warriors,Damion Lee,2019-20,46.0,28.7,12.3,4.2,10.2,41.0,1.6,4.7,35.0,2.3,2.6,88.2,0.7,4.2,4.8,2.7,1.3,1.0,0.1,2.3,24.3,3.0,0.0,-2.2
205,255,7.0,C,Sacramento Kings,Alex Len,2019-20,46.0,18.6,8.5,3.5,6.3,55.2,0.3,1.2,25.0,1.2,1.9,64.0,1.9,4.1,6.1,1.0,1.0,0.5,1.0,2.3,20.6,8.0,0.0,-2.1
206,256,6.0,F,LA Clippers,Kawhi Leonard,2019-20,48.0,32.3,27.0,9.4,20.2,46.4,2.1,5.6,36.5,6.2,6.9,89.7,1.1,6.5,7.5,5.1,2.9,1.8,0.6,1.9,48.1,13.0,1.0,7.4
207,257,7.0,F-C,Miami Heat,Meyers Leonard,2019-20,49.0,20.1,6.1,2.4,4.6,52.0,1.0,2.4,42.9,0.3,0.5,65.4,0.6,4.5,5.1,1.1,0.7,0.3,0.3,2.1,14.8,2.0,0.0,1.9
208,259,6.0,G,Brooklyn Nets,Caris LeVert,2019-20,35.0,28.5,17.3,6.3,15.4,41.1,1.8,4.7,37.6,2.9,4.0,71.9,1.0,2.7,3.7,3.8,2.6,1.1,0.1,1.9,28.8,0.0,0.0,-0.7
209,260,6.0,G,Portland Trail Blazers,Damian Lillard,2019-20,54.0,37.0,29.5,9.4,20.4,46.0,3.9,10.0,39.3,6.8,7.7,88.9,0.5,3.8,4.4,7.9,2.9,1.0,0.3,1.7,47.6,16.0,1.0,0.9
210,263,6.0,F,Golden State Warriors,Kevon Looney,2019-20,20.0,13.1,3.4,1.5,4.0,36.7,0.1,0.7,7.1,0.5,0.6,75.0,1.4,1.9,3.3,1.0,0.6,0.6,0.3,1.7,11.0,0.0,0.0,-5.0
211,264,7.0,C,Milwaukee Bucks,Brook Lopez,2019-20,58.0,26.6,11.0,4.0,9.4,42.3,1.4,4.7,29.2,1.6,2.0,81.9,0.7,3.8,4.5,1.6,1.0,0.7,2.5,2.4,27.3,3.0,0.0,8.2
212,265,7.0,C,Milwaukee Bucks,Robin Lopez,2019-20,56.0,14.2,5.5,2.3,4.5,50.4,0.5,1.6,33.0,0.4,0.8,53.5,0.9,1.5,2.4,0.7,0.9,0.2,0.7,1.3,11.1,0.0,0.0,1.2
213,266,6.0,F-C,Cleveland Cavaliers,Kevin Love,2019-20,52.0,31.3,17.4,5.8,12.8,45.3,2.6,6.8,37.9,3.2,3.8,84.8,0.9,8.8,9.6,3.1,2.5,0.6,0.3,1.5,34.0,21.0,0.0,-5.6
214,267,6.0,G,Toronto Raptors,Kyle Lowry,2019-20,49.0,36.5,19.4,5.8,14.2,41.2,2.8,8.1,34.9,4.9,5.6,86.2,0.6,4.2,4.8,7.6,3.0,1.3,0.4,3.2,38.8,13.0,2.0,4.5
215,269,6.0,G-F,Brooklyn Nets,Timothe Luwawu-Cabarrot,2019-20,35.0,16.2,5.9,1.9,4.7,40.5,1.0,2.6,37.8,1.1,1.4,81.6,0.7,1.8,2.5,0.5,0.7,0.4,0.1,1.9,10.5,0.0,0.0,-1.7
216,271,6.0,F,San Antonio Spurs,Trey Lyles,2019-20,60.0,19.6,6.0,2.3,5.2,44.2,0.9,2.5,37.1,0.4,0.6,70.3,1.2,4.5,5.7,1.1,0.6,0.4,0.4,1.5,16.3,1.0,0.0,-0.5
217,272,6.0,G,Miami Heat,Daryl Macon,2019-20,4.0,3.5,0.8,0.3,0.8,33.3,0.3,0.5,50.0,0.0,0.0,0.0,0.0,0.0,0.0,0.3,0.5,0.0,0.0,0.3,0.6,0.0,0.0,0.0
218,273,6.0,G,Cleveland Cavaliers,J.P. Macura,2019-20,1.0,0.6,0.0,0.0,0.0,0.0,0.0,0.0,0.0,0.0,0.0,0.0,0.0,0.0,0.0,0.0,0.0,0.0,0.0,0.0,0.0,0.0,0.0,3.0
219,274,6.0,C,Washington Wizards,Ian Mahinmi,2019-20,38.0,21.3,7.4,2.7,5.5,49.5,0.1,0.7,19.2,1.8,3.0,61.9,2.1,3.7,5.7,1.3,1.2,0.8,1.2,3.0,21.0,1.0,0.0,-2.1
220,275,7.0,F,Detroit Pistons,Thon Maker,2019-20,56.0,12.7,4.6,1.5,3.1,50.0,0.4,1.0,34.5,1.2,1.8,66.7,0.9,1.9,2.8,0.7,0.8,0.4,0.6,1.6,11.2,2.0,0.0,-2.1
221,276,7.0,C,Dallas Mavericks,Boban Marjanovic,2019-20,33.0,8.7,5.6,2.4,4.3,55.3,0.1,0.4,23.1,0.8,1.1,73.0,1.3,2.6,3.9,0.4,0.7,0.2,0.2,1.3,11.3,4.0,0.0,1.8
222,277,7.0,F,Chicago Bulls,Lauri Markkanen,2019-20,46.0,30.3,15.0,5.1,12.0,42.4,2.2,6.4,34.4,2.7,3.2,82.6,1.2,5.2,6.5,1.5,1.7,0.8,0.5,2.0,27.4,3.0,0.0,-1.7
223,279,5.0,G,Milwaukee Bucks,Frank Mason,2019-20,4.0,4.4,1.3,0.3,1.8,14.3,0.3,1.0,25.0,0.5,1.0,50.0,0.3,0.3,0.5,1.3,0.3,0.3,0.0,0.5,4.2,0.0,0.0,4.3
224,282,6.0,G,Portland Trail Blazers,CJ McCollum,2019-20,58.0,36.0,22.5,8.9,19.6,45.1,2.9,7.4,38.6,1.9,2.6,75.3,0.7,3.4,4.1,4.2,1.9,0.7,0.6,2.5,35.9,4.0,0.0,0.2
225,283,6.0,G,Indiana Pacers,T.J. McConnell,2019-20,59.0,18.8,6.4,2.9,5.7,51.2,0.1,0.2,30.8,0.5,0.6,83.3,0.5,2.1,2.6,5.0,1.3,0.7,0.2,1.1,18.3,2.0,0.0,0.8
226,284,6.0,F,Indiana Pacers,Doug McDermott,2019-20,61.0,20.0,10.3,3.9,7.9,48.7,1.9,4.3,43.9,0.7,0.8,82.4,0.4,2.2,2.5,1.1,0.7,0.1,0.1,1.7,14.9,0.0,0.0,2.0
227,285,7.0,C,Los Angeles Lakers,JaVale McGee,2019-20,58.0,16.8,6.9,3.0,4.7,64.9,0.1,0.1,50.0,0.8,1.2,65.2,1.8,4.0,5.8,0.6,0.8,0.5,1.6,2.4,20.0,2.0,0.0,3.1
228,286,6.0,F-G,LA Clippers,Rodney McGruder,2019-20,47.0,15.4,3.2,1.3,3.2,39.1,0.4,1.6,27.6,0.3,0.6,50.0,0.5,2.1,2.6,0.6,0.4,0.5,0.2,1.4,8.8,0.0,0.0,0.2
229,287,6.0,F,Cleveland Cavaliers,Alfonzo McKinnie,2019-20,37.0,14.3,4.3,1.7,4.1,41.4,0.3,1.6,20.3,0.5,0.8,69.0,0.8,1.9,2.8,0.4,0.6,0.6,0.2,1.7,9.7,1.0,0.0,-1.7
230,288,6.0,G,Detroit Pistons,Jordan McRae,2019-20,33.0,20.8,11.5,4.1,9.8,41.8,1.3,3.3,38.2,2.0,2.6,77.0,0.5,2.8,3.3,2.6,1.2,0.6,0.5,1.9,21.6,0.0,0.0,-1.2
231,289,6.0,G,Memphis Grizzlies,De'Anthony Melton,2019-20,48.0,19.1,8.1,2.9,6.7,42.7,0.6,2.0,30.6,1.8,2.2,82.1,0.7,3.0,3.7,3.0,1.5,1.3,0.3,1.8,20.3,0.0,0.0,2.6
232,290,6.0,F,San Antonio Spurs,Chimezie Metu,2019-20,16.0,4.5,2.9,1.3,2.2,57.1,0.0,0.1,0.0,0.4,0.5,75.0,0.6,1.0,1.6,0.4,0.3,0.1,0.3,0.3,6.0,0.0,0.0,0.8
233,291,6.0,F,Milwaukee Bucks,Khris Middleton,2019-20,52.0,29.9,20.9,7.6,15.2,50.3,2.4,5.6,43.0,3.2,3.6,90.8,0.8,5.5,6.3,4.1,2.0,1.0,0.1,2.2,35.9,5.0,0.0,9.2
234,292,6.0,F-G,Washington Wizards,CJ Miles,2019-20,10.0,16.1,6.4,1.9,5.9,32.2,1.1,3.5,31.4,1.5,2.0,75.0,0.4,0.8,1.2,1.2,0.4,1.0,0.4,1.4,13.4,0.0,0.0,-0.8
235,294,6.0,F,Denver Nuggets,Paul Millsap,2019-20,40.0,24.3,12.0,4.2,8.6,48.4,1.1,2.4,43.8,2.6,3.1,83.6,2.1,3.9,5.9,1.6,1.3,0.9,0.7,2.9,24.7,4.0,0.0,5.9
236,295,6.0,G,San Antonio Spurs,Patty Mills,2019-20,60.0,22.9,11.8,4.0,9.4,42.4,2.4,6.4,38.1,1.5,1.7,85.4,0.3,1.3,1.6,1.8,0.8,0.9,0.1,1.5,18.4,0.0,0.0,1.9
237,296,6.0,G,Philadelphia 76ers,Shake Milton,2019-20,29.0,18.2,8.9,3.1,6.3,49.5,1.5,3.2,45.7,1.2,1.5,77.3,0.3,1.8,2.1,2.1,1.2,0.5,0.2,2.0,15.4,0.0,0.0,0.0
238,298,6.0,G,Utah Jazz,Donovan Mitchell,2019-20,59.0,34.4,24.7,9.1,19.8,45.9,2.5,6.8,36.8,4.0,4.7,85.5,0.7,3.8,4.5,4.2,2.7,1.0,0.2,2.5,37.3,1.0,0.0,2.1
239,299,6.0,G,Indiana Pacers,Naz Mitrou-Long,2019-20,3.0,14.2,4.7,2.0,5.3,37.5,0.7,3.7,18.2,0.0,0.0,0.0,0.0,2.0,2.0,2.3,0.7,0.3,0.3,0.3,11.9,0.0,0.0,6.0
240,300,6.0,G,Charlotte Hornets,Malik Monk,2019-20,55.0,21.3,10.3,3.9,8.9,43.4,1.1,3.7,28.4,1.5,1.8,82.0,0.5,2.4,2.9,2.1,1.4,0.5,0.3,1.3,17.6,1.0,0.0,-4.2
241,301,6.0,G,New Orleans Pelicans,E'Twaun Moore,2019-20,48.0,19.1,8.8,3.5,8.3,42.5,1.2,3.2,38.1,0.6,0.9,65.9,0.6,1.9,2.5,1.5,0.7,0.6,0.2,1.5,15.6,0.0,0.0,-0.3
242,304,6.0,G,Denver Nuggets,Monte Morris,2019-20,61.0,21.5,8.5,3.4,7.5,46.2,0.8,2.2,38.1,0.8,0.9,80.7,0.3,1.5,1.8,3.6,0.7,0.8,0.2,1.0,18.4,0.0,0.0,1.2
243,305,6.0,F,LA Clippers,Johnathan Motley,2019-20,13.0,3.2,2.2,0.8,1.2,73.3,0.1,0.1,100,0.4,0.5,71.4,0.2,0.5,0.8,0.6,0.4,0.2,0.0,0.5,4.3,0.0,0.0,0.2
244,307,6.0,G,Utah Jazz,Emmanuel Mudiay,2019-20,47.0,15.9,7.4,2.9,6.1,47.0,0.6,1.6,36.0,1.1,1.5,75.4,0.4,2.1,2.4,2.3,1.4,0.4,0.2,1.3,14.2,0.0,0.0,0.5
245,308,6.0,G,San Antonio Spurs,Dejounte Murray,2019-20,56.0,24.8,10.6,4.4,9.0,48.5,0.6,1.5,39.3,1.3,1.7,79.8,1.1,4.6,5.8,4.1,1.9,1.7,0.3,2.2,27.6,4.0,0.0,-3.0
246,309,6.0,G,Denver Nuggets,Jamal Murray,2019-20,51.0,32.6,18.7,6.9,15.3,45.3,1.8,5.4,34.3,3.0,3.4,88.9,0.7,3.2,3.9,4.7,2.2,1.2,0.3,1.7,32.7,2.0,0.0,4.9
247,310,6.0,G-F,Brooklyn Nets,Dzanan Musa,2019-20,35.0,11.5,4.2,1.4,4.0,36.0,0.4,1.9,23.1,0.9,1.3,75.0,0.5,1.5,2.0,0.9,0.8,0.4,0.0,0.7,8.4,0.0,0.0,-1.2
248,311,6.0,F-C,Oklahoma City Thunder,Mike Muscala,2019-20,40.0,12.2,4.7,1.6,4.0,40.5,1.1,3.0,36.1,0.5,0.6,81.8,0.3,2.0,2.3,0.9,0.4,0.2,0.3,1.2,9.9,0.0,0.0,-0.2
249,312,6.0,G,Detroit Pistons,Svi Mykhailiuk,2019-20,52.0,22.4,8.9,2.9,7.0,42.1,2.0,4.9,41.4,1.0,1.1,86.4,0.3,1.4,1.8,1.7,1.1,0.7,0.1,1.5,14.7,0.0,0.0,0.1
250,313,6.0,F,Oklahoma City Thunder,Abdel Nader,2019-20,45.0,15.6,5.9,2.1,4.5,45.8,0.8,2.2,35.7,1.0,1.3,76.7,0.3,1.5,1.8,0.7,0.8,0.4,0.4,1.4,10.7,0.0,0.0,-1.2
251,315,6.0,G,Washington Wizards,Shabazz Napier,2019-20,47.0,23.5,9.8,3.2,7.9,41.1,1.3,4.2,31.2,2.0,2.4,82.6,0.5,2.3,2.8,4.9,2.1,1.2,0.2,1.8,22.7,2.0,1.0,-1.0
252,317,6.0,G,Philadelphia 76ers,Raul Neto,2019-20,47.0,11.2,3.9,1.5,3.5,43.6,0.5,1.4,37.3,0.4,0.5,81.8,0.2,0.8,1.1,1.5,0.8,0.4,0.1,0.8,8.4,0.0,0.0,0.4
253,318,6.0,F,Utah Jazz,Georges Niang,2019-20,54.0,13.4,5.8,2.1,4.5,45.5,1.3,3.1,41.8,0.4,0.4,86.4,0.2,1.7,2.0,0.6,0.5,0.2,0.1,1.1,9.5,0.0,0.0,-1.3
254,319,6.0,F-C,Oklahoma City Thunder,Nerlens Noel,2019-20,52.0,18.4,7.8,3.2,4.6,68.8,0.0,0.1,33.3,1.4,1.8,76.6,1.5,3.4,4.9,1.0,1.0,1.1,1.5,2.6,21.8,3.0,0.0,0.2
255,321,6.0,G,New York Knicks,Frank Ntilikina,2019-20,52.0,20.9,6.0,2.2,5.7,38.9,0.7,2.4,30.9,0.8,0.9,87.2,0.4,1.8,2.2,3.0,1.3,0.9,0.3,2.5,15.6,0.0,0.0,-1.7
256,323,6.0,G,Brooklyn Nets,David Nwaba,2019-20,20.0,13.4,5.2,1.9,3.6,52.1,0.6,1.4,42.9,0.9,1.4,66.7,0.4,1.9,2.3,0.4,0.4,0.6,0.6,1.6,11.6,0.0,0.0,1.8
257,324,6.0,F,Utah Jazz,Royce O'Neale,2019-20,60.0,29.0,6.3,2.2,4.9,45.2,1.3,3.1,41.2,0.6,0.8,75.6,0.4,4.9,5.3,2.5,0.8,0.8,0.4,2.8,19.1,2.0,0.0,3.7
258,325,6.0,C,Philadelphia 76ers,Kyle O'Quinn,2019-20,25.0,10.2,3.5,1.4,2.9,48.6,0.3,0.9,30.4,0.4,0.8,52.6,1.3,2.6,3.8,1.4,0.7,0.2,0.9,1.4,12.7,1.0,0.0,-1.9
259,326,6.0,F,Boston Celtics,Semi Ojeleye,2019-20,57.0,14.1,2.8,0.9,2.3,39.7,0.5,1.4,35.8,0.4,0.5,88.9,0.4,1.5,1.8,0.5,0.2,0.3,0.1,1.1,6.7,0.0,0.0,-0.3
260,327,6.0,C,New Orleans Pelicans,Jahlil Okafor,2019-20,28.0,15.1,7.6,3.1,5.1,61.1,0.0,0.1,50.0,1.3,2.1,63.8,1.6,2.6,4.3,1.3,1.3,0.3,0.7,2.3,16.2,2.0,0.0,-4.0
261,328,6.0,G,Phoenix Suns,Elie Okobo,2019-20,52.0,13.3,4.1,1.4,3.4,40.4,0.5,1.3,36.2,0.9,1.3,68.7,0.3,1.4,1.7,2.1,0.7,0.5,0.1,0.9,10.2,0.0,0.0,-0.9
262,329,6.0,G,Minnesota Timberwolves,Josh Okogie,2019-20,58.0,24.7,8.7,2.8,6.5,42.7,0.7,2.5,25.9,2.5,3.1,79.1,1.4,2.9,4.3,1.6,1.4,1.1,0.4,2.2,19.5,0.0,0.0,-2.2
263,330,6.0,G,Indiana Pacers,Victor Oladipo,2019-20,10.0,25.5,12.0,4.3,11.7,36.8,1.4,5.3,26.4,2.0,2.6,76.9,0.7,2.0,2.7,2.4,2.0,0.8,0.1,1.3,19.5,0.0,0.0,-1.9
264,331,7.0,F,Miami Heat,Kelly Olynyk,2019-20,55.0,19.1,7.9,2.6,5.5,47.4,1.4,3.3,43.0,1.2,1.4,84.8,0.7,3.9,4.5,1.7,1.1,0.7,0.3,2.5,17.7,3.0,0.0,1.3
265,332,6.0,F,Cleveland Cavaliers,Cedi Osman,2019-20,61.0,28.9,10.8,4.0,9.1,44.5,1.8,4.8,37.8,0.9,1.4,64.3,0.5,3.0,3.5,2.4,1.4,0.8,0.2,2.4,20.2,2.0,0.0,-5.4
266,335,6.0,F,Sacramento Kings,Jabari Parker,2019-20,33.0,25.8,14.7,6.0,12.1,49.9,0.9,3.5,26.7,1.7,2.2,74.3,1.6,4.3,5.9,1.8,1.8,1.3,0.5,2.8,27.8,2.0,0.0,-4.1
267,337,6.0,F,Atlanta Hawks,Chandler Parsons,2019-20,5.0,10.8,2.8,1.0,3.6,27.8,0.8,2.8,28.6,0.0,0.0,0.0,0.2,1.2,1.4,0.6,0.6,0.8,0.2,0.6,7.8,0.0,0.0,-8.0
268,338,6.0,F,LA Clippers,Patrick Patterson,2019-20,49.0,12.1,4.7,1.5,3.7,40.4,1.1,2.8,38.4,0.6,0.7,79.4,0.6,1.8,2.4,0.6,0.3,0.1,0.1,0.8,8.7,0.0,0.0,1.7
269,339,7.0,C,Dallas Mavericks,Justin Patton,2019-20,5.0,4.8,1.8,0.8,2.0,40.0,0.2,0.8,25.0,0.0,0.0,0.0,0.2,0.8,1.0,0.4,0.4,0.0,0.0,0.8,3.2,0.0,0.0,-3.2
270,340,6.0,G,Oklahoma City Thunder,Chris Paul,2019-20,60.0,31.7,17.5,6.2,12.7,48.5,1.6,4.5,36.0,3.6,4.0,89.5,0.3,4.6,5.0,6.7,2.1,1.5,0.1,2.2,36.3,9.0,0.0,4.4
271,341,6.0,G,New York Knicks,Elfrid Payton,2019-20,40.0,27.6,9.5,4.2,9.8,42.6,0.4,1.6,21.5,0.9,1.7,53.0,1.1,3.5,4.6,7.1,2.1,1.6,0.4,2.1,29.6,5.0,1.0,-1.6
272,342,6.0,G-F,Brooklyn Nets,Theo Pinson,2019-20,30.0,11.7,4.0,1.5,5.1,29.6,0.5,2.6,19.2,0.5,0.5,93.8,0.3,1.4,1.7,1.8,1.1,0.5,0.1,1.1,9.5,0.0,0.0,-0.8
273,343,6.0,F-C,Denver Nuggets,Mason Plumlee,2019-20,49.0,17.1,7.4,3.0,4.8,62.7,0.0,0.1,0.0,1.5,2.7,54.5,1.8,3.7,5.5,2.4,1.4,0.6,0.6,2.3,19.6,2.0,0.0,0.1
274,345,7.0,C,San Antonio Spurs,Jakob Poeltl,2019-20,58.0,16.6,5.3,2.3,3.8,61.9,0.0,0.0,0.0,0.6,1.3,48.6,1.8,3.6,5.3,1.8,0.8,0.5,1.4,1.7,19.4,2.0,0.0,1.0
275,349,6.0,F,New York Knicks,Bobby Portis,2019-20,61.0,20.9,9.8,3.9,8.7,44.4,1.0,2.9,35.2,1.1,1.4,76.5,1.3,3.9,5.1,1.5,1.1,0.5,0.2,1.7,19.2,5.0,0.0,-3.0
276,350,7.0,F-C,Dallas Mavericks,Kristaps Porzingis,2019-20,47.0,30.8,19.2,6.6,15.5,42.4,2.5,7.0,35.8,3.6,4.6,77.3,1.6,7.7,9.4,1.6,1.6,0.7,2.0,3.1,39.3,21.0,0.0,5.5
277,351,6.0,F-C,Dallas Mavericks,Dwight Powell,2019-20,40.0,26.5,9.4,3.7,5.7,63.8,0.3,1.0,25.6,1.9,2.8,66.7,1.9,3.8,5.7,1.5,0.9,0.9,0.6,2.6,21.7,1.0,0.0,4.9
278,352,6.0,F-G,Toronto Raptors,Norman Powell,2019-20,41.0,28.9,15.9,5.7,11.5,49.7,2.0,5.2,39.1,2.4,2.9,83.2,0.6,3.2,3.8,1.7,1.5,1.2,0.4,2.1,26.4,0.0,0.0,3.8
279,354,6.0,F,Brooklyn Nets,Taurean Prince,2019-20,60.0,29.1,12.2,4.4,11.5,38.4,2.4,6.8,35.0,1.0,1.3,76.9,0.8,5.2,5.9,1.9,2.0,0.9,0.4,2.5,24.0,8.0,0.0,1.4
280,357,6.0,F,New York Knicks,Julius Randle,2019-20,59.0,32.6,19.2,7.1,15.7,45.4,1.0,3.7,26.5,3.9,5.5,72.1,2.4,7.4,9.7,3.3,3.0,0.8,0.4,2.7,36.2,27.0,0.0,-3.3
281,358,6.0,G,New Orleans Pelicans,JJ Redick,2019-20,54.0,26.4,14.9,4.6,10.3,45.0,2.9,6.4,45.2,2.7,3.0,90.2,0.2,2.4,2.6,2.0,1.2,0.4,0.2,1.6,21.4,0.0,0.0,0.2
282,360,6.0,G-F,Philadelphia 76ers,Josh Richardson,2019-20,47.0,30.7,13.9,5.2,12.1,43.0,1.5,4.5,32.5,2.1,2.6,79.0,0.8,2.6,3.4,3.1,1.9,1.0,0.7,2.5,25.7,0.0,0.0,2.2
283,361,6.0,G,Houston Rockets,Austin Rivers,2019-20,56.0,23.3,8.6,3.1,7.3,42.4,1.4,3.9,34.5,1.0,1.5,69.5,0.4,2.0,2.4,1.6,0.6,0.7,0.2,1.8,15.8,0.0,0.0,1.7
284,367,7.0,C,New York Knicks,Mitchell Robinson,2019-20,57.0,23.0,9.5,4.1,5.6,73.0,0.0,0.0,0.0,1.3,2.3,56.4,3.1,4.0,7.1,0.6,0.6,0.9,1.9,3.2,26.8,7.0,0.0,-2.0
285,368,6.0,G,Los Angeles Lakers,Rajon Rondo,2019-20,45.0,20.8,7.3,2.9,6.9,42.4,0.9,2.6,33.6,0.6,0.9,66.7,0.5,2.6,3.0,5.0,1.9,0.9,0.0,1.2,19.4,2.0,0.0,1.0
286,369,6.0,G,Detroit Pistons,Derrick Rose,2019-20,50.0,26.0,18.1,7.4,15.1,49.0,0.9,2.9,30.6,2.4,2.8,87.1,0.5,1.9,2.4,5.6,2.5,0.8,0.3,1.0,30.2,4.0,0.0,-1.7
287,370,6.0,G-F,Orlando Magic,Terrence Ross,2019-20,59.0,27.0,14.2,4.8,12.2,39.4,2.4,7.2,33.9,2.2,2.6,84.8,0.2,3.1,3.3,1.2,0.9,1.1,0.3,1.4,23.2,0.0,0.0,-1.3
288,371,6.0,G,Charlotte Hornets,Terry Rozier,2019-20,60.0,34.1,17.5,6.2,14.8,41.6,2.6,6.5,39.0,2.7,3.0,87.9,0.8,3.7,4.5,4.1,2.3,1.0,0.2,2.0,30.3,2.0,0.0,-6.8
289,372,6.0,G,Phoenix Suns,Ricky Rubio,2019-20,54.0,31.4,12.7,4.4,10.6,40.9,1.1,3.2,34.3,2.9,3.4,83.8,0.7,3.7,4.5,8.8,2.7,1.5,0.2,2.5,33.6,19.0,1.0,1.9
290,373,6.0,G,Minnesota Timberwolves,D'Angelo Russell,2019-20,41.0,32.4,23.6,8.2,19.1,43.1,3.6,9.7,37.4,3.5,4.3,80.3,0.4,3.4,3.8,6.5,3.2,1.0,0.3,2.0,38.8,3.0,0.0,-6.7
291,374,6.0,F,Indiana Pacers,Domantas Sabonis,2019-20,58.0,34.5,18.3,7.3,13.5,53.8,0.2,1.1,23.0,3.5,4.8,72.9,3.1,9.4,12.5,4.9,2.6,0.8,0.5,3.3,41.8,47.0,4.0,3.3
292,375,6.0,F,Phoenix Suns,Dario Saric,2019-20,55.0,24.3,9.6,3.6,7.9,45.2,1.2,3.6,32.0,1.3,1.5,84.5,1.5,4.4,5.8,1.9,1.3,0.5,0.2,2.2,20.5,8.0,0.0,-1.3
293,376,6.0,G-F,Chicago Bulls,Tomas Satoransky,2019-20,61.0,29.0,10.1,3.7,8.5,43.8,1.0,3.1,33.0,1.7,1.9,87.2,1.1,2.7,3.8,5.5,2.0,1.3,0.1,2.2,25.2,3.0,0.0,-0.8
294,377,6.0,G,Oklahoma City Thunder,Dennis Schroder,2019-20,60.0,31.0,18.9,7.0,14.9,47.0,1.9,5.1,38.0,3.0,3.5,84.4,0.3,3.4,3.8,4.0,2.6,0.7,0.2,2.2,29.4,0.0,0.0,3.8
295,378,6.0,F,Philadelphia 76ers,Mike Scott,2019-20,60.0,17.4,5.6,2.0,5.0,40.4,1.2,3.3,35.7,0.4,0.5,88.9,0.8,2.6,3.4,0.6,0.4,0.3,0.1,1.3,11.5,0.0,0.0,1.5
296,379,6.0,F,Houston Rockets,Thabo Sefolosha,2019-20,40.0,10.7,2.3,0.9,2.3,41.1,0.4,1.4,27.8,0.1,0.2,37.5,0.5,1.8,2.3,0.6,0.4,0.6,0.3,1.1,8.4,0.0,0.0,0.6
297,381,6.0,G,Cleveland Cavaliers,Collin Sexton,2019-20,61.0,32.5,20.2,7.6,16.4,46.4,1.5,3.9,38.8,3.4,4.1,84.3,1.0,2.1,3.1,2.8,2.2,1.0,0.1,2.1,29.2,0.0,0.0,-6.6
298,382,6.0,G,LA Clippers,Landry Shamet,2019-20,44.0,28.2,10.0,3.3,7.6,42.8,2.3,5.8,40.2,1.2,1.3,89.7,0.1,1.8,2.0,1.8,0.8,0.4,0.2,2.8,16.1,0.0,0.0,3.2
299,383,6.0,G,Brooklyn Nets,Iman Shumpert,2019-20,13.0,18.5,4.2,1.6,4.9,32.8,0.6,2.5,24.2,0.3,0.5,57.1,0.7,1.9,2.6,0.9,0.8,0.9,0.2,1.6,11.1,0.0,0.0,-4.0
300,384,6.0,F,Toronto Raptors,Pascal Siakam,2019-20,50.0,35.3,23.7,8.8,19.0,46.1,2.2,6.0,37.0,4.0,5.0,79.3,1.1,6.4,7.5,3.5,2.5,1.0,1.0,2.8,41.3,11.0,0.0,6.6
301,385,6.0,G-F,Philadelphia 76ers,Ben Simmons,2019-20,54.0,35.7,16.7,6.7,11.4,58.5,0.0,0.1,33.3,3.3,5.3,62.7,2.0,5.8,7.8,8.2,3.6,2.1,0.6,3.2,43.0,30.0,6.0,1.5
302,387,6.0,G,Portland Trail Blazers,Anfernee Simons,2019-20,61.0,22.1,9.0,3.3,8.3,40.1,1.2,3.5,34.1,1.2,1.4,81.6,0.4,2.0,2.4,1.5,1.0,0.4,0.1,2.0,14.7,1.0,0.0,-4.0
303,388,6.0,G,Boston Celtics,Marcus Smart,2019-20,49.0,32.2,12.9,4.3,11.5,37.8,2.4,6.8,35.2,1.8,2.2,81.5,0.7,3.0,3.8,5.0,1.6,1.7,0.5,2.7,30.0,2.0,0.0,4.8
304,390,6.0,G,Washington Wizards,Ish Smith,2019-20,60.0,26.2,10.5,4.4,9.7,45.1,0.9,2.5,36.7,0.8,1.2,68.6,0.5,2.7,3.2,4.8,1.3,0.9,0.4,1.4,23.9,0.0,0.0,-1.8
305,393,6.0,G,Philadelphia 76ers,Zhaire Smith,2019-20,7.0,4.6,1.1,0.4,1.6,27.3,0.0,0.4,0.0,0.3,0.6,50.0,0.0,0.3,0.3,0.3,0.3,0.4,0.0,0.6,2.9,0.0,0.0,-1.4
306,394,6.0,G,Detroit Pistons,Tony Snell,2019-20,55.0,27.6,8.1,2.9,6.5,45.1,1.8,4.3,41.0,0.5,0.5,100,0.1,1.7,1.8,2.1,0.5,0.5,0.2,1.7,15.1,0.0,0.0,-3.1
307,398,6.0,G,Indiana Pacers,Edmond Sumner,2019-20,21.0,13.3,4.2,1.7,4.0,42.4,0.4,1.3,28.6,0.4,0.6,61.5,0.4,1.0,1.4,1.3,0.7,0.6,0.3,1.4,9.8,0.0,0.0,-1.4
308,399,6.0,F,Portland Trail Blazers,Caleb Swanigan,2019-20,23.0,11.2,2.8,1.2,2.0,59.6,0.0,0.1,0.0,0.4,0.7,52.9,1.1,2.7,3.8,1.0,1.3,0.1,0.3,2.3,8.9,0.0,0.0,-1.8
309,400,6.0,F,Boston Celtics,Jayson Tatum,2019-20,55.0,34.5,23.5,8.4,18.7,45.0,2.8,7.1,39.6,3.9,4.7,81.6,1.0,6.1,7.1,2.9,2.2,1.3,0.9,2.1,40.9,10.0,0.0,7.9
310,401,6.0,G,Atlanta Hawks,Jeff Teague,2019-20,55.0,25.2,10.9,3.6,8.4,43.0,0.7,2.0,36.0,3.0,3.4,87.2,0.5,2.0,2.4,5.3,2.1,0.8,0.3,1.8,23.1,3.0,0.0,-3.0
311,402,6.0,G-F,Brooklyn Nets,Garrett Temple,2019-20,55.0,28.1,10.3,3.6,9.5,37.8,2.0,6.3,32.4,1.0,1.3,76.7,0.5,2.9,3.5,2.6,1.0,0.8,0.5,1.7,21.0,1.0,0.0,-0.8
312,404,6.0,F,Boston Celtics,Daniel Theis,2019-20,54.0,23.6,9.1,3.6,6.6,55.6,0.4,1.4,29.9,1.4,1.8,76.3,2.3,4.4,6.6,1.6,0.8,0.6,1.3,3.5,24.4,5.0,0.0,3.3
313,405,5.0,G,LA Clippers,Isaiah Thomas,2019-20,40.0,23.1,12.2,4.4,10.7,40.8,2.0,4.7,41.3,1.6,1.9,81.6,0.3,1.4,1.7,3.7,1.9,0.3,0.2,1.9,19.2,1.0,0.0,-5.0
314,406,6.0,G,Detroit Pistons,Khyri Thomas,2019-20,5.0,5.1,1.4,0.4,1.2,33.3,0.4,1.0,40.0,0.2,0.4,50.0,0.0,0.0,0.0,0.2,0.2,0.2,0.0,0.6,2.1,0.0,0.0,-3.2
